﻿pos_x,pos_y,rotation,side,designator,mpn,pack,footprint,value,mount_type,place
173.4,-95.1,0.0,top,C1,,,C_0805_2012Metric_Pad1.15x1.40mm_HandSolder,100n,smt,True
173.0,-102.5,90.0,bottom,C2,,,supercap_FYD_100mF,0.1F,tht,True
184.0,-97.75,180.0,top,C3,,,C_0805_2012Metric_Pad1.15x1.40mm_HandSolder,47n,smt,True
187.5,-99.8,0.0,top,C4,,,C_0805_2012Metric_Pad1.15x1.40mm_HandSolder,10n,smt,True
172.5,-104.9,180.0,top,D1,,,SOT-23,BAT54S,smt,True
181.5,-95.7,180.0,top,D3,,,D_SOD-123F,D,smt,True
192.7,-101.5,-90.0,top,D4,,,LED_1210_3225Metric_Pad1.42x2.65mm_HandSolder,LED,smt,True
205.9,-100.0,0.0,bottom,J1,,,usb-a-pcb,USB_A,smt,True
187.5,-97.5,-90.0,bottom,LS1,,,buzzer,Speaker_Crystal,tht,True
194.6,-103.5,0.0,top,NT1,,,NetTie-2_SMD_Pad0.5mm,Net-Tie_2,tht,False
195.6,-94.9,-90.0,top,NT2,,,NetTie-2_SMD_Pad0.5mm,Net-Tie_2,tht,False
177.7,-104.5,180.0,top,R1,,,resistor_1206_0603,33M,smt,True
175.5,-100.975,90.0,top,R2,,,resistor_1206_0603,220k,smt,True
176.75,-97.25,0.0,top,R3,,,resistor_1206_0603,4k7,smt,True
169.1,-95.7,180.0,top,R4,,,resistor_1206_0603,1,smt,True
169.1,-97.9,180.0,top,R5,,,resistor_1206_0603,10k,smt,True
167.7,-101.4,90.0,top,R6,,,resistor_1206_0603,100,smt,True
183.2,-103.5,180.0,top,R7,,,resistor_1206_0603,22k,smt,True
188.1,-104.9,180.0,top,R8,,,resistor_1206_0603,100,smt,True
170.3,-101.5,-90.0,top,U1,,,SOT-353_SC-70-5_Handsoldering,TSU111,smt,True
178.5,-100.65,-90.0,top,U2,,,SOT-23-5_HandSoldering,TS881xLx,smt,True
183.475,-100.55,0.0,top,U3,,,SOT-23-5_HandSoldering,74HC1G14,smt,True
