﻿Designator,Quantity,Value,Footprint,Package,MPN,DNP,Mount_Type
C1,1,100n,C_0805_2012Metric_Pad1.15x1.40mm_HandSolder,,,,smt
C2,1,0.1F,supercap_FYD_100mF,,,,tht
C3,1,47n,C_0805_2012Metric_Pad1.15x1.40mm_HandSolder,,,,smt
C4,1,10n,C_0805_2012Metric_Pad1.15x1.40mm_HandSolder,,,,smt
D1,1,BAT54S,SOT-23,,,,smt
D3,1,D,D_SOD-123F,,,,smt
D4,1,LED,LED_1210_3225Metric_Pad1.42x2.65mm_HandSolder,,,,smt
J1,1,USB_A,usb-a-pcb,,,,smt
LS1,1,Speaker_Crystal,buzzer,,,,tht
"NT1, NT2",2,Net-Tie_2,NetTie-2_SMD_Pad0.5mm,,,,tht
R1,1,33M,resistor_1206_0603,,,,smt
R2,1,220k,resistor_1206_0603,,,,smt
R3,1,4k7,resistor_1206_0603,,,,smt
R4,1,1,resistor_1206_0603,,,,smt
R5,1,10k,resistor_1206_0603,,,,smt
"R6, R8",2,100,resistor_1206_0603,,,,smt
R7,1,22k,resistor_1206_0603,,,,smt
U1,1,TSU111,SOT-353_SC-70-5_Handsoldering,,,,smt
U2,1,TS881xLx,SOT-23-5_HandSoldering,,,,smt
U3,1,74HC1G14,SOT-23-5_HandSoldering,,,,smt
